,Date,Balance,DAU,Vol,Cate Rank,Total Rank,Txs
0,2016-09-30,0.0,0.0,0.0,NULL,NULL,0.0
1,2016-10-01,0.0,0.0,0.0,NULL,NULL,0.0
2,2016-10-02,0.0,0.0,0.0,NULL,NULL,0.0
3,2016-10-03,0.0,0.0,0.0,NULL,NULL,0.0
4,2016-10-04,0.0,0.0,0.0,NULL,NULL,0.0
5,2016-10-05,0.0,0.0,0.0,NULL,NULL,0.0
6,2016-10-06,0.0,0.0,0.0,NULL,NULL,0.0
7,2016-10-07,0.0,0.0,0.0,NULL,NULL,0.0
8,2016-10-08,0.0,0.0,0.0,NULL,NULL,0.0
9,2016-10-09,0.0,0.0,0.0,NULL,NULL,0.0
10,2016-10-10,0.0,0.0,0.0,NULL,NULL,0.0
11,2016-10-11,0.0,0.0,0.0,NULL,NULL,0.0
12,2016-10-12,0.0,0.0,0.0,NULL,NULL,0.0
13,2016-10-13,0.0,0.0,0.0,NULL,NULL,0.0
14,2016-10-14,0.0,0.0,0.0,NULL,NULL,0.0
15,2016-10-15,0.0,0.0,0.0,NULL,NULL,0.0
16,2016-10-16,0.0,0.0,0.0,NULL,NULL,0.0
17,2016-10-17,0.0,0.0,0.0,NULL,NULL,0.0
18,2016-10-18,0.0,0.0,0.0,NULL,NULL,0.0
19,2016-10-19,0.0,0.0,0.0,NULL,NULL,0.0
20,2016-10-20,0.0,0.0,0.0,NULL,NULL,0.0
21,2016-10-21,0.0,0.0,0.0,NULL,NULL,0.0
22,2016-10-22,0.0,0.0,0.0,NULL,NULL,0.0
23,2016-10-23,0.0,0.0,0.0,NULL,NULL,0.0
24,2016-10-24,0.0,0.0,0.0,NULL,NULL,0.0
25,2016-10-25,0.0,0.0,0.0,NULL,NULL,0.0
26,2016-10-26,0.0,0.0,0.0,NULL,NULL,0.0
27,2016-10-27,0.0,0.0,0.0,NULL,NULL,0.0
28,2016-10-28,0.0,0.0,0.0,NULL,NULL,0.0
29,2016-10-29,0.0,0.0,0.0,NULL,NULL,0.0
30,2016-10-30,0.0,0.0,0.0,NULL,NULL,0.0
31,2016-10-31,0.0,0.0,0.0,NULL,NULL,0.0
32,2016-11-01,0.0,0.0,0.0,NULL,NULL,0.0
33,2016-11-02,0.0,0.0,0.0,NULL,NULL,0.0
34,2016-11-03,0.0,0.0,0.0,NULL,NULL,0.0
35,2016-11-04,0.0,0.0,0.0,NULL,NULL,0.0
36,2016-11-05,0.0,0.0,0.0,NULL,NULL,0.0
37,2016-11-06,0.0,0.0,0.0,NULL,NULL,0.0
38,2016-11-07,0.0,0.0,0.0,NULL,NULL,0.0
39,2016-11-08,0.0,0.0,0.0,NULL,NULL,0.0
40,2016-11-09,0.0,0.0,0.0,NULL,NULL,0.0
41,2016-11-10,0.0,0.0,0.0,NULL,NULL,0.0
42,2016-11-11,0.0,0.0,0.0,NULL,NULL,0.0
43,2016-11-12,0.0,0.0,0.0,NULL,NULL,0.0
44,2016-11-13,0.0,0.0,0.0,NULL,NULL,0.0
45,2016-11-14,0.0,0.0,0.0,NULL,NULL,0.0
46,2016-11-15,0.0,0.0,0.0,NULL,NULL,0.0
47,2016-11-16,0.0,0.0,0.0,NULL,NULL,0.0
48,2016-11-17,0.0,0.0,0.0,NULL,NULL,0.0
49,2016-11-18,0.0,0.0,0.0,NULL,NULL,0.0
50,2016-11-19,0.0,0.0,0.0,NULL,NULL,0.0
51,2016-11-20,0.0,0.0,0.0,NULL,NULL,0.0
52,2016-11-21,0.0,0.0,0.0,NULL,NULL,0.0
53,2016-11-22,0.0,0.0,0.0,NULL,NULL,0.0
54,2016-11-23,0.0,0.0,0.0,NULL,NULL,0.0
55,2016-11-24,0.0,0.0,0.0,NULL,NULL,0.0
56,2016-11-25,0.0,0.0,0.0,NULL,NULL,0.0
57,2016-11-26,0.0,0.0,0.0,NULL,NULL,0.0
58,2016-11-27,0.0,0.0,0.0,NULL,NULL,0.0
59,2016-11-28,0.0,0.0,0.0,NULL,NULL,0.0
60,2016-11-29,0.0,0.0,0.0,NULL,NULL,0.0
61,2016-11-30,0.0,0.0,0.0,NULL,NULL,0.0
62,2016-12-01,0.0,0.0,0.0,NULL,NULL,0.0
63,2016-12-02,0.0,0.0,0.0,NULL,NULL,0.0
64,2016-12-03,0.0,0.0,0.0,NULL,NULL,0.0
65,2016-12-04,0.0,0.0,0.0,NULL,NULL,0.0
66,2016-12-05,0.0,0.0,0.0,NULL,NULL,0.0
67,2016-12-06,0.0,0.0,0.0,NULL,NULL,0.0
68,2016-12-07,0.0,0.0,0.0,NULL,NULL,0.0
69,2016-12-08,0.0,0.0,0.0,NULL,NULL,0.0
70,2016-12-09,0.0,0.0,0.0,NULL,NULL,0.0
71,2016-12-10,0.0,0.0,0.0,NULL,NULL,0.0
72,2016-12-11,0.0,0.0,0.0,NULL,NULL,0.0
73,2016-12-12,0.0,0.0,0.0,NULL,NULL,0.0
74,2016-12-13,0.0,0.0,0.0,NULL,NULL,0.0
75,2016-12-14,0.0,0.0,0.0,NULL,NULL,0.0
76,2016-12-15,0.0,0.0,0.0,NULL,NULL,0.0
77,2016-12-16,0.0,0.0,0.0,NULL,NULL,0.0
78,2016-12-17,0.0,0.0,0.0,NULL,NULL,0.0
79,2016-12-18,0.0,0.0,0.0,NULL,NULL,0.0
80,2016-12-19,0.0,0.0,0.0,NULL,NULL,0.0
81,2016-12-20,0.0,0.0,0.0,NULL,NULL,0.0
82,2016-12-21,0.0,0.0,0.0,NULL,NULL,0.0
83,2016-12-22,0.0,0.0,0.0,NULL,NULL,0.0
84,2016-12-23,0.0,0.0,0.0,NULL,NULL,0.0
85,2016-12-24,0.0,0.0,0.0,NULL,NULL,0.0
86,2016-12-25,0.0,0.0,0.0,NULL,NULL,0.0
87,2016-12-26,0.0,0.0,0.0,NULL,NULL,0.0
88,2016-12-27,0.0,0.0,0.0,NULL,NULL,0.0
89,2016-12-28,0.0,0.0,0.0,NULL,NULL,0.0
90,2016-12-29,0.0,0.0,0.0,NULL,NULL,0.0
91,2016-12-30,0.0,0.0,0.0,NULL,NULL,0.0
92,2016-12-31,0.0,0.0,0.0,NULL,NULL,0.0
93,2017-01-01,0.0,0.0,0.0,NULL,NULL,0.0
94,2017-01-02,0.0,0.0,0.0,NULL,NULL,0.0
95,2017-01-03,0.0,0.0,0.0,NULL,NULL,0.0
96,2017-01-04,0.0,0.0,0.0,NULL,NULL,0.0
97,2017-01-05,0.0,0.0,0.0,NULL,NULL,0.0
98,2017-01-06,0.0,0.0,0.0,NULL,NULL,0.0
99,2017-01-07,0.0,0.0,0.0,NULL,NULL,0.0
100,2017-01-08,0.0,0.0,0.0,NULL,NULL,0.0
101,2017-01-09,0.0,0.0,0.0,NULL,NULL,0.0
102,2017-01-10,0.0,0.0,0.0,NULL,NULL,0.0
103,2017-01-11,0.0,0.0,0.0,NULL,NULL,0.0
104,2017-01-12,0.0,0.0,0.0,NULL,NULL,0.0
105,2017-01-13,0.0,0.0,0.0,NULL,NULL,0.0
106,2017-01-14,0.0,0.0,0.0,NULL,NULL,0.0
107,2017-01-15,0.0,0.0,0.0,NULL,NULL,0.0
108,2017-01-16,0.0,0.0,0.0,NULL,NULL,0.0
109,2017-01-17,0.0,0.0,0.0,NULL,NULL,0.0
110,2017-01-18,0.0,0.0,0.0,NULL,NULL,0.0
111,2017-01-19,0.0,0.0,0.0,NULL,NULL,0.0
112,2017-01-20,0.0,0.0,0.0,NULL,NULL,0.0
113,2017-01-21,0.0,0.0,0.0,NULL,NULL,0.0
114,2017-01-22,0.0,0.0,0.0,NULL,NULL,0.0
115,2017-01-23,0.0,0.0,0.0,NULL,NULL,0.0
116,2017-01-24,0.0,0.0,0.0,NULL,NULL,0.0
117,2017-01-25,0.0,0.0,0.0,NULL,NULL,0.0
118,2017-01-26,0.0,0.0,0.0,NULL,NULL,0.0
119,2017-01-27,0.0,0.0,0.0,NULL,NULL,0.0
120,2017-01-28,0.0,0.0,0.0,NULL,NULL,0.0
121,2017-01-29,0.0,0.0,0.0,NULL,NULL,0.0
122,2017-01-30,0.0,0.0,0.0,NULL,NULL,0.0
123,2017-01-31,0.0,0.0,0.0,NULL,NULL,0.0
124,2017-02-01,0.0,0.0,0.0,NULL,NULL,0.0
125,2017-02-02,0.0,0.0,0.0,NULL,NULL,0.0
126,2017-02-03,0.0,0.0,0.0,NULL,NULL,0.0
127,2017-02-04,0.0,0.0,0.0,NULL,NULL,0.0
128,2017-02-05,0.0,0.0,0.0,NULL,NULL,0.0
129,2017-02-06,0.0,0.0,0.0,NULL,NULL,0.0
130,2017-02-07,0.0,0.0,0.0,NULL,NULL,0.0
131,2017-02-08,0.0,0.0,0.0,NULL,NULL,0.0
132,2017-02-09,0.0,0.0,0.0,NULL,NULL,0.0
133,2017-02-10,0.0,0.0,0.0,NULL,NULL,0.0
134,2017-02-11,0.0,0.0,0.0,NULL,NULL,0.0
135,2017-02-12,0.0,0.0,0.0,NULL,NULL,0.0
136,2017-02-13,0.0,0.0,0.0,NULL,NULL,0.0
137,2017-02-14,0.0,0.0,0.0,NULL,NULL,0.0
138,2017-02-15,0.0,0.0,0.0,NULL,NULL,0.0
139,2017-02-16,0.0,0.0,0.0,NULL,NULL,0.0
140,2017-02-17,0.0,0.0,0.0,NULL,NULL,0.0
141,2017-02-18,0.0,0.0,0.0,NULL,NULL,0.0
142,2017-02-19,0.0,0.0,0.0,NULL,NULL,0.0
143,2017-02-20,0.0,0.0,0.0,NULL,NULL,0.0
144,2017-02-21,0.0,0.0,0.0,NULL,NULL,0.0
145,2017-02-22,0.0,0.0,0.0,NULL,NULL,0.0
146,2017-02-23,0.0,0.0,0.0,NULL,NULL,0.0
147,2017-02-24,0.0,0.0,0.0,NULL,NULL,0.0
148,2017-02-25,0.0,0.0,0.0,NULL,NULL,0.0
149,2017-02-26,0.0,0.0,0.0,NULL,NULL,0.0
150,2017-02-27,0.0,0.0,0.0,NULL,NULL,0.0
151,2017-02-28,0.0,0.0,0.0,NULL,NULL,0.0
152,2017-03-01,0.0,0.0,0.0,NULL,NULL,0.0
153,2017-03-02,0.0,0.0,0.0,NULL,NULL,0.0
154,2017-03-03,0.0,0.0,0.0,NULL,NULL,0.0
155,2017-03-04,0.0,0.0,0.0,NULL,NULL,0.0
156,2017-03-05,0.0,0.0,0.0,NULL,NULL,0.0
157,2017-03-06,0.0,0.0,0.0,NULL,NULL,0.0
158,2017-03-07,0.0,0.0,0.0,NULL,NULL,0.0
159,2017-03-08,0.0,0.0,0.0,NULL,NULL,0.0
160,2017-03-09,0.0,0.0,0.0,NULL,NULL,0.0
161,2017-03-10,0.0,0.0,0.0,NULL,NULL,0.0
162,2017-03-11,0.0,0.0,0.0,NULL,NULL,0.0
163,2017-03-12,0.0,0.0,0.0,NULL,NULL,0.0
164,2017-03-13,0.0,0.0,0.0,NULL,NULL,0.0
165,2017-03-14,0.0,0.0,0.0,NULL,NULL,0.0
166,2017-03-15,0.0,0.0,0.0,NULL,NULL,0.0
167,2017-03-16,0.0,0.0,0.0,NULL,NULL,0.0
168,2017-03-17,0.0,0.0,0.0,NULL,NULL,0.0
169,2017-03-18,0.0,0.0,0.0,NULL,NULL,0.0
170,2017-03-19,0.0,0.0,0.0,NULL,NULL,0.0
171,2017-03-20,0.0,0.0,0.0,NULL,NULL,0.0
172,2017-03-21,0.0,0.0,0.0,NULL,NULL,0.0
173,2017-03-22,0.0,0.0,0.0,NULL,NULL,0.0
174,2017-03-23,0.0,0.0,0.0,NULL,NULL,0.0
175,2017-03-24,0.0,0.0,0.0,NULL,NULL,0.0
176,2017-03-25,0.0,0.0,0.0,NULL,NULL,0.0
177,2017-03-26,0.0,0.0,0.0,NULL,NULL,0.0
178,2017-03-27,0.0,0.0,0.0,NULL,NULL,0.0
179,2017-03-28,0.0,0.0,0.0,NULL,NULL,0.0
180,2017-03-29,0.0,0.0,0.0,NULL,NULL,0.0
181,2017-03-30,0.0,0.0,0.0,NULL,NULL,0.0
182,2017-03-31,0.0,0.0,0.0,NULL,NULL,0.0
183,2017-04-01,0.0,0.0,0.0,NULL,NULL,0.0
184,2017-04-02,0.0,0.0,0.0,NULL,NULL,0.0
185,2017-04-03,0.0,0.0,0.0,NULL,NULL,0.0
186,2017-04-04,0.0,0.0,0.0,NULL,NULL,0.0
187,2017-04-05,0.0,0.0,0.0,NULL,NULL,0.0
188,2017-04-06,0.0,0.0,0.0,NULL,NULL,0.0
189,2017-04-07,0.0,0.0,0.0,NULL,NULL,0.0
190,2017-04-08,0.0,0.0,0.0,NULL,NULL,0.0
191,2017-04-09,0.0,0.0,0.0,NULL,NULL,0.0
192,2017-04-10,0.0,0.0,0.0,NULL,NULL,0.0
193,2017-04-11,0.0,0.0,0.0,NULL,NULL,0.0
194,2017-04-12,0.0,0.0,0.0,NULL,NULL,0.0
195,2017-04-13,0.0,0.0,0.0,NULL,NULL,0.0
196,2017-04-14,0.0,0.0,0.0,NULL,NULL,0.0
197,2017-04-15,0.0,0.0,0.0,NULL,NULL,0.0
198,2017-04-16,0.0,0.0,0.0,NULL,NULL,0.0
199,2017-04-17,0.0,0.0,0.0,NULL,NULL,0.0
200,2017-04-18,0.0,0.0,0.0,NULL,NULL,0.0
201,2017-04-19,0.0,0.0,0.0,NULL,NULL,0.0
202,2017-04-20,0.0,0.0,0.0,NULL,NULL,0.0
203,2017-04-21,0.0,0.0,0.0,NULL,NULL,0.0
204,2017-04-22,0.0,0.0,0.0,NULL,NULL,0.0
205,2017-04-23,0.0,0.0,0.0,NULL,NULL,0.0
206,2017-04-24,0.0,0.0,0.0,NULL,NULL,0.0
207,2017-04-25,0.0,0.0,0.0,NULL,NULL,0.0
208,2017-04-26,0.0,0.0,0.0,NULL,NULL,0.0
209,2017-04-27,0.0,0.0,0.0,NULL,NULL,0.0
210,2017-04-28,0.0,0.0,0.0,NULL,NULL,0.0
211,2017-04-29,0.0,0.0,0.0,NULL,NULL,0.0
212,2017-04-30,0.0,0.0,0.0,NULL,NULL,0.0
213,2017-05-01,0.0,0.0,0.0,NULL,NULL,0.0
214,2017-05-02,0.0,0.0,0.0,NULL,NULL,0.0
215,2017-05-03,0.0,0.0,0.0,NULL,NULL,0.0
216,2017-05-04,0.0,0.0,0.0,NULL,NULL,0.0
217,2017-05-05,0.0,0.0,0.0,NULL,NULL,0.0
218,2017-05-06,0.0,0.0,0.0,NULL,NULL,0.0
219,2017-05-07,0.0,0.0,0.0,NULL,NULL,0.0
220,2017-05-08,0.0,0.0,0.0,NULL,NULL,0.0
221,2017-05-09,0.0,0.0,0.0,NULL,NULL,0.0
222,2017-05-10,0.0,0.0,0.0,NULL,NULL,0.0
223,2017-05-11,0.0,0.0,0.0,NULL,NULL,0.0
224,2017-05-12,0.0,0.0,0.0,NULL,NULL,0.0
225,2017-05-13,0.0,0.0,0.0,NULL,NULL,0.0
226,2017-05-14,0.0,0.0,0.0,NULL,NULL,0.0
227,2017-05-15,0.0,0.0,0.0,NULL,NULL,0.0
228,2017-05-16,0.0,0.0,0.0,NULL,NULL,0.0
229,2017-05-17,0.0,0.0,0.0,NULL,NULL,0.0
230,2017-05-18,0.0,0.0,0.0,NULL,NULL,0.0
231,2017-05-19,0.0,0.0,0.0,NULL,NULL,0.0
232,2017-05-20,0.0,0.0,0.0,NULL,NULL,0.0
233,2017-05-21,0.0,0.0,0.0,NULL,NULL,0.0
234,2017-05-22,0.0,0.0,0.0,NULL,NULL,0.0
235,2017-05-23,0.0,0.0,0.0,NULL,NULL,0.0
236,2017-05-24,0.0,0.0,0.0,NULL,NULL,0.0
237,2017-05-25,0.0,0.0,0.0,NULL,NULL,0.0
238,2017-05-26,0.0,0.0,0.0,NULL,NULL,0.0
239,2017-05-27,0.0,0.0,0.0,NULL,NULL,0.0
240,2017-05-28,0.0,0.0,0.0,NULL,NULL,0.0
241,2017-05-29,0.0,0.0,0.0,NULL,NULL,0.0
242,2017-05-30,0.0,0.0,0.0,NULL,NULL,0.0
243,2017-05-31,0.0,0.0,0.0,NULL,NULL,0.0
244,2017-06-01,0.0,0.0,0.0,NULL,NULL,0.0
245,2017-06-02,0.0,0.0,0.0,NULL,NULL,0.0
246,2017-06-03,0.0,0.0,0.0,NULL,NULL,0.0
247,2017-06-04,0.0,0.0,0.0,NULL,NULL,0.0
248,2017-06-05,0.0,0.0,0.0,NULL,NULL,0.0
249,2017-06-06,0.0,0.0,0.0,NULL,NULL,0.0
250,2017-06-07,0.0,0.0,0.0,NULL,NULL,0.0
251,2017-06-08,0.0,0.0,0.0,NULL,NULL,0.0
252,2017-06-09,0.0,0.0,0.0,NULL,NULL,0.0
253,2017-06-10,0.0,0.0,0.0,NULL,NULL,0.0
254,2017-06-11,0.0,0.0,0.0,NULL,NULL,0.0
255,2017-06-12,0.0,0.0,0.0,NULL,NULL,0.0
256,2017-06-13,0.0,0.0,0.0,NULL,NULL,0.0
257,2017-06-14,0.0,0.0,0.0,NULL,NULL,0.0
258,2017-06-15,0.0,0.0,0.0,NULL,NULL,0.0
259,2017-06-16,0.0,0.0,0.0,NULL,NULL,0.0
260,2017-06-17,0.0,0.0,0.0,NULL,NULL,0.0
261,2017-06-18,0.0,0.0,0.0,NULL,NULL,0.0
262,2017-06-19,0.0,0.0,0.0,NULL,NULL,0.0
263,2017-06-20,0.0,0.0,0.0,NULL,NULL,0.0
264,2017-06-21,0.0,0.0,0.0,NULL,NULL,0.0
265,2017-06-22,0.0,0.0,0.0,NULL,NULL,0.0
266,2017-06-23,0.0,0.0,0.0,NULL,NULL,0.0
267,2017-06-24,0.0,0.0,0.0,NULL,NULL,0.0
268,2017-06-25,0.0,0.0,0.0,NULL,NULL,0.0
269,2017-06-26,0.0,0.0,0.0,NULL,NULL,0.0
270,2017-06-27,0.0,0.0,0.0,NULL,NULL,0.0
271,2017-06-28,0.0,0.0,0.0,NULL,NULL,0.0
272,2017-06-29,0.0,0.0,0.0,NULL,NULL,0.0
273,2017-06-30,0.0,0.0,0.0,NULL,NULL,0.0
274,2017-07-01,0.0,0.0,0.0,NULL,NULL,0.0
275,2017-07-02,0.0,0.0,0.0,NULL,NULL,0.0
276,2017-07-03,0.0,0.0,0.0,NULL,NULL,0.0
277,2017-07-04,0.0,0.0,0.0,NULL,NULL,0.0
278,2017-07-05,0.0,0.0,0.0,NULL,NULL,0.0
279,2017-07-06,0.0,0.0,0.0,NULL,NULL,0.0
280,2017-07-07,0.0,0.0,0.0,NULL,NULL,0.0
281,2017-07-08,0.0,0.0,0.0,NULL,NULL,0.0
282,2017-07-09,0.0,0.0,0.0,NULL,NULL,0.0
283,2017-07-10,0.0,0.0,0.0,NULL,NULL,0.0
284,2017-07-11,0.0,0.0,0.0,NULL,NULL,0.0
285,2017-07-12,0.0,0.0,0.0,NULL,NULL,0.0
286,2017-07-13,0.0,0.0,0.0,NULL,NULL,0.0
287,2017-07-14,0.0,0.0,0.0,NULL,NULL,0.0
288,2017-07-15,0.0,0.0,0.0,NULL,NULL,0.0
289,2017-07-16,0.0,0.0,0.0,NULL,NULL,0.0
290,2017-07-17,0.0,0.0,0.0,NULL,NULL,0.0
291,2017-07-18,0.0,0.0,0.0,NULL,NULL,0.0
292,2017-07-19,0.0,0.0,0.0,NULL,NULL,0.0
293,2017-07-20,0.0,0.0,0.0,NULL,NULL,0.0
294,2017-07-21,0.0,0.0,0.0,NULL,NULL,0.0
295,2017-07-22,0.0,0.0,0.0,NULL,NULL,0.0
296,2017-07-23,0.0,0.0,0.0,NULL,NULL,0.0
297,2017-07-24,0.0,0.0,0.0,NULL,NULL,0.0
298,2017-07-25,0.0,0.0,0.0,NULL,NULL,0.0
299,2017-07-26,0.0,0.0,0.0,NULL,NULL,0.0
300,2017-07-27,0.0,0.0,0.0,NULL,NULL,0.0
301,2017-07-28,0.0,0.0,0.0,NULL,NULL,0.0
302,2017-07-29,0.0,0.0,0.0,NULL,NULL,0.0
303,2017-07-30,0.0,0.0,0.0,NULL,NULL,0.0
304,2017-07-31,0.0,0.0,0.0,NULL,NULL,0.0
305,2017-08-01,0.0,0.0,0.0,NULL,NULL,0.0
306,2017-08-02,0.0,0.0,0.0,NULL,NULL,0.0
307,2017-08-03,0.0,0.0,0.0,NULL,NULL,0.0
308,2017-08-04,0.0,0.0,0.0,NULL,NULL,0.0
309,2017-08-05,0.0,0.0,0.0,NULL,NULL,0.0
310,2017-08-06,0.0,0.0,0.0,NULL,NULL,0.0
311,2017-08-07,0.0,0.0,0.0,NULL,NULL,0.0
312,2017-08-08,0.0,0.0,0.0,NULL,NULL,0.0
313,2017-08-09,0.0,0.0,0.0,NULL,NULL,0.0
314,2017-08-10,0.0,0.0,0.0,NULL,NULL,0.0
315,2017-08-11,0.0,0.0,0.0,NULL,NULL,0.0
316,2017-08-12,0.0,0.0,0.0,NULL,NULL,0.0
317,2017-08-13,0.0,0.0,0.0,NULL,NULL,0.0
318,2017-08-14,0.0,0.0,0.0,NULL,NULL,0.0
319,2017-08-15,0.0,0.0,0.0,NULL,NULL,0.0
320,2017-08-16,0.0,0.0,0.0,NULL,NULL,0.0
321,2017-08-17,0.0,0.0,0.0,NULL,NULL,0.0
322,2017-08-18,0.0,0.0,0.0,NULL,NULL,0.0
323,2017-08-19,0.0,0.0,0.0,NULL,NULL,0.0
324,2017-08-20,0.0,0.0,0.0,NULL,NULL,0.0
325,2017-08-21,0.0,0.0,0.0,NULL,NULL,0.0
326,2017-08-22,0.0,0.0,0.0,NULL,NULL,0.0
327,2017-08-23,0.0,0.0,0.0,NULL,NULL,0.0
328,2017-08-24,0.0,0.0,0.0,NULL,NULL,0.0
329,2017-08-25,0.0,0.0,0.0,NULL,NULL,0.0
330,2017-08-26,0.0,0.0,0.0,NULL,NULL,0.0
331,2017-08-27,0.0,0.0,0.0,NULL,NULL,0.0
332,2017-08-28,0.0,0.0,0.0,NULL,NULL,0.0
333,2017-08-29,0.0,0.0,0.0,NULL,NULL,0.0
334,2017-08-30,0.0,0.0,0.0,NULL,NULL,0.0
335,2017-08-31,0.0,0.0,0.0,NULL,NULL,0.0
336,2017-09-01,0.0,0.0,0.0,NULL,NULL,0.0
337,2017-09-02,0.0,0.0,0.0,NULL,NULL,0.0
338,2017-09-03,0.0,0.0,0.0,NULL,NULL,0.0
339,2017-09-04,0.0,0.0,0.0,NULL,NULL,0.0
340,2017-09-05,0.0,0.0,0.0,NULL,NULL,0.0
341,2017-09-06,0.0,0.0,0.0,NULL,NULL,0.0
342,2017-09-07,0.0,0.0,0.0,NULL,NULL,0.0
343,2017-09-08,0.0,0.0,0.0,NULL,NULL,0.0
344,2017-09-09,0.0,0.0,0.0,NULL,NULL,0.0
345,2017-09-10,0.0,0.0,0.0,NULL,NULL,0.0
346,2017-09-11,0.0,0.0,0.0,NULL,NULL,0.0
347,2017-09-12,0.0,0.0,0.0,NULL,NULL,0.0
348,2017-09-13,0.0,0.0,0.0,NULL,NULL,0.0
349,2017-09-14,0.0,0.0,0.0,NULL,NULL,0.0
350,2017-09-15,0.0,0.0,0.0,NULL,NULL,0.0
351,2017-09-16,0.0,0.0,0.0,NULL,NULL,0.0
352,2017-09-17,0.0,0.0,0.0,NULL,NULL,0.0
353,2017-09-18,0.0,0.0,0.0,NULL,NULL,0.0
354,2017-09-19,0.0,0.0,0.0,NULL,NULL,0.0
355,2017-09-20,0.0,0.0,0.0,NULL,NULL,0.0
356,2017-09-21,0.0,0.0,0.0,NULL,NULL,0.0
357,2017-09-22,0.0,0.0,0.0,NULL,NULL,0.0
358,2017-09-23,0.0,0.0,0.0,NULL,NULL,0.0
359,2017-09-24,0.0,0.0,0.0,NULL,NULL,0.0
360,2017-09-25,0.0,0.0,0.0,NULL,NULL,0.0
361,2017-09-26,0.0,0.0,0.0,NULL,NULL,0.0
362,2017-09-27,0.0,0.0,0.0,NULL,NULL,0.0
363,2017-09-28,0.0,0.0,0.0,NULL,NULL,0.0
364,2017-09-29,0.0,0.0,0.0,NULL,NULL,0.0
365,2017-09-30,0.0,0.0,0.0,NULL,NULL,0.0
366,2017-10-01,0.0,0.0,0.0,NULL,NULL,0.0
367,2017-10-02,0.0,0.0,0.0,NULL,NULL,0.0
368,2017-10-03,0.0,0.0,0.0,NULL,NULL,0.0
369,2017-10-04,0.0,0.0,0.0,NULL,NULL,0.0
370,2017-10-05,0.0,0.0,0.0,NULL,NULL,0.0
371,2017-10-06,0.0,0.0,0.0,NULL,NULL,0.0
372,2017-10-07,0.0,0.0,0.0,NULL,NULL,0.0
373,2017-10-08,0.0,0.0,0.0,NULL,NULL,0.0
374,2017-10-09,0.0,0.0,0.0,NULL,NULL,0.0
375,2017-10-10,0.0,0.0,0.0,NULL,NULL,0.0
376,2017-10-11,0.0,0.0,0.0,NULL,NULL,0.0
377,2017-10-12,0.0,0.0,0.0,NULL,NULL,0.0
378,2017-10-13,0.0,0.0,0.0,NULL,NULL,0.0
379,2017-10-14,0.0,0.0,0.0,NULL,NULL,0.0
380,2017-10-15,0.0,0.0,0.0,NULL,NULL,0.0
381,2017-10-16,0.0,0.0,0.0,NULL,NULL,0.0
382,2017-10-17,0.0,0.0,0.0,NULL,NULL,0.0
383,2017-10-18,0.0,0.0,0.0,NULL,NULL,0.0
384,2017-10-19,0.0,0.0,0.0,NULL,NULL,0.0
385,2017-10-20,0.0,0.0,0.0,NULL,NULL,0.0
386,2017-10-21,0.0,0.0,0.0,NULL,NULL,0.0
387,2017-10-22,0.0,0.0,0.0,NULL,NULL,0.0
388,2017-10-23,0.0,0.0,0.0,NULL,NULL,0.0
389,2017-10-24,0.0,0.0,0.0,NULL,NULL,0.0
390,2017-10-25,0.0,0.0,0.0,NULL,NULL,0.0
391,2017-10-26,0.0,0.0,0.0,NULL,NULL,0.0
392,2017-10-27,0.0,0.0,0.0,NULL,NULL,0.0
393,2017-10-28,0.0,0.0,0.0,NULL,NULL,0.0
394,2017-10-29,0.0,0.0,0.0,NULL,NULL,0.0
395,2017-10-30,0.0,0.0,0.0,NULL,NULL,0.0
396,2017-10-31,0.0,0.0,0.0,NULL,NULL,0.0
397,2017-11-01,0.0,0.0,0.0,NULL,NULL,0.0
398,2017-11-02,0.0,0.0,0.0,NULL,NULL,0.0
399,2017-11-03,0.0,0.0,0.0,NULL,NULL,0.0
400,2017-11-04,0.0,0.0,0.0,NULL,NULL,0.0
401,2017-11-05,0.0,0.0,0.0,NULL,NULL,0.0
402,2017-11-06,0.0,0.0,0.0,NULL,NULL,0.0
403,2017-11-07,0.0,0.0,0.0,NULL,NULL,0.0
404,2017-11-08,0.0,0.0,0.0,NULL,NULL,0.0
405,2017-11-09,0.0,0.0,0.0,NULL,NULL,0.0
406,2017-11-10,0.0,0.0,0.0,NULL,NULL,0.0
407,2017-11-11,0.0,0.0,0.0,NULL,NULL,0.0
408,2017-11-12,0.0,0.0,0.0,NULL,NULL,0.0
409,2017-11-13,0.0,0.0,0.0,NULL,NULL,0.0
410,2017-11-14,0.0,0.0,0.0,NULL,NULL,0.0
411,2017-11-15,0.0,0.0,0.0,NULL,NULL,0.0
412,2017-11-16,0.0,0.0,0.0,NULL,NULL,0.0
413,2017-11-17,0.0,0.0,0.0,NULL,NULL,0.0
414,2017-11-18,0.0,0.0,0.0,NULL,NULL,0.0
415,2017-11-19,0.0,0.0,0.0,NULL,NULL,0.0
416,2017-11-20,0.0,0.0,0.0,NULL,NULL,0.0
417,2017-11-21,0.0,0.0,0.0,NULL,NULL,0.0
418,2017-11-22,0.0,0.0,0.0,NULL,NULL,0.0
419,2017-11-23,0.0,0.0,0.0,NULL,NULL,0.0
420,2017-11-24,0.0,0.0,0.0,NULL,NULL,0.0
421,2017-11-25,0.0,0.0,0.0,NULL,NULL,0.0
422,2017-11-26,0.0,0.0,0.0,NULL,NULL,0.0
423,2017-11-27,0.0,0.0,0.0,NULL,NULL,0.0
424,2017-11-28,0.0,0.0,0.0,NULL,NULL,0.0
425,2017-11-29,0.0,0.0,0.0,NULL,NULL,0.0
426,2017-11-30,0.0,0.0,0.0,NULL,NULL,0.0
427,2017-12-01,0.0,0.0,0.0,NULL,NULL,0.0
428,2017-12-02,0.0,0.0,0.0,NULL,NULL,0.0
429,2017-12-03,0.0,0.0,0.0,NULL,NULL,0.0
430,2017-12-04,0.0,0.0,0.0,NULL,NULL,0.0
431,2017-12-05,0.0,0.0,0.0,NULL,NULL,0.0
432,2017-12-06,0.0,0.0,0.0,NULL,NULL,0.0
433,2017-12-07,0.0,0.0,0.0,NULL,NULL,0.0
434,2017-12-08,0.0,0.0,0.0,NULL,NULL,0.0
435,2017-12-09,0.0,0.0,0.0,NULL,NULL,0.0
436,2017-12-10,0.0,0.0,0.0,NULL,NULL,0.0
437,2017-12-11,0.0,0.0,0.0,NULL,NULL,0.0
438,2017-12-12,0.0,0.0,0.0,NULL,NULL,0.0
439,2017-12-13,0.0,0.0,0.0,NULL,NULL,0.0
440,2017-12-14,0.0,0.0,0.0,NULL,NULL,0.0
441,2017-12-15,0.0,0.0,0.0,NULL,NULL,0.0
442,2017-12-16,0.0,0.0,0.0,NULL,NULL,0.0
443,2017-12-17,0.0,0.0,0.0,NULL,NULL,0.0
444,2017-12-18,0.0,0.0,0.0,NULL,NULL,0.0
445,2017-12-19,0.0,0.0,0.0,NULL,NULL,0.0
446,2017-12-20,0.0,0.0,0.0,NULL,NULL,0.0
447,2017-12-21,0.0,0.0,0.0,NULL,NULL,0.0
448,2017-12-22,0.0,0.0,0.0,NULL,NULL,0.0
449,2017-12-23,0.0,0.0,0.0,NULL,NULL,0.0
450,2017-12-24,0.0,0.0,0.0,NULL,NULL,0.0
451,2017-12-25,0.0,0.0,0.0,NULL,NULL,0.0
452,2017-12-26,0.0,0.0,0.0,NULL,NULL,0.0
453,2017-12-27,0.0,0.0,0.0,NULL,NULL,0.0
454,2017-12-28,0.0,0.0,0.0,NULL,NULL,0.0
455,2017-12-29,0.0,0.0,0.0,NULL,NULL,0.0
456,2017-12-30,0.0,0.0,0.0,NULL,NULL,0.0
457,2017-12-31,0.0,0.0,0.0,NULL,NULL,0.0
458,2018-01-01,0.0,0.0,0.0,NULL,NULL,0.0
459,2018-01-02,0.0,0.0,0.0,NULL,NULL,0.0
460,2018-01-03,0.0,0.0,0.0,NULL,NULL,0.0
461,2018-01-04,0.0,0.0,0.0,NULL,NULL,0.0
462,2018-01-05,0.0,0.0,0.0,NULL,NULL,0.0
463,2018-01-06,0.0,0.0,0.0,NULL,NULL,0.0
464,2018-01-07,0.0,0.0,0.0,NULL,NULL,0.0
465,2018-01-08,0.0,0.0,0.0,NULL,NULL,0.0
466,2018-01-09,0.0,0.0,0.0,NULL,NULL,0.0
467,2018-01-10,0.0,0.0,0.0,NULL,NULL,0.0
468,2018-01-11,0.0,0.0,0.0,NULL,NULL,0.0
469,2018-01-12,0.0,0.0,0.0,NULL,NULL,0.0
470,2018-01-13,0.0,0.0,0.0,NULL,NULL,0.0
471,2018-01-14,0.0,0.0,0.0,NULL,NULL,0.0
472,2018-01-15,0.0,0.0,0.0,NULL,NULL,0.0
473,2018-01-16,0.0,0.0,0.0,NULL,NULL,0.0
474,2018-01-17,0.0,0.0,0.0,NULL,NULL,0.0
475,2018-01-18,0.0,0.0,0.0,NULL,NULL,0.0
476,2018-01-19,0.0,0.0,0.0,NULL,NULL,0.0
477,2018-01-20,0.0,0.0,0.0,NULL,NULL,0.0
478,2018-01-21,0.0,0.0,0.0,NULL,NULL,0.0
479,2018-01-22,0.0,0.0,0.0,NULL,NULL,0.0
480,2018-01-23,0.0,0.0,0.0,NULL,NULL,0.0
481,2018-01-24,0.0,0.0,0.0,NULL,NULL,0.0
482,2018-01-25,0.0,0.0,0.0,NULL,NULL,0.0
483,2018-01-26,0.0,0.0,0.0,NULL,NULL,0.0
484,2018-01-27,0.0,0.0,0.0,NULL,NULL,0.0
485,2018-01-28,0.0,0.0,0.0,NULL,NULL,0.0
486,2018-01-29,0.0,0.0,0.0,NULL,NULL,0.0
487,2018-01-30,0.0,0.0,0.0,NULL,NULL,0.0
488,2018-01-31,0.0,0.0,0.0,NULL,NULL,0.0
489,2018-02-01,0.0,0.0,0.0,NULL,NULL,0.0
490,2018-02-02,0.0,0.0,0.0,NULL,NULL,0.0
491,2018-02-03,0.0,0.0,0.0,NULL,NULL,0.0
492,2018-02-04,0.0,0.0,0.0,NULL,NULL,0.0
493,2018-02-05,0.0,0.0,0.0,NULL,NULL,0.0
494,2018-02-06,0.0,0.0,0.0,NULL,NULL,0.0
495,2018-02-07,0.0,0.0,0.0,NULL,NULL,0.0
496,2018-02-08,0.0,0.0,0.0,NULL,NULL,0.0
497,2018-02-09,0.0,0.0,0.0,NULL,NULL,0.0
498,2018-02-10,0.0,0.0,0.0,NULL,NULL,0.0
499,2018-02-11,0.0,0.0,0.0,NULL,NULL,0.0
500,2018-02-12,0.0,0.0,0.0,NULL,NULL,0.0
501,2018-02-13,0.0,0.0,0.0,NULL,NULL,0.0
502,2018-02-14,0.0,0.0,0.0,NULL,NULL,0.0
503,2018-02-15,0.0,0.0,0.0,NULL,NULL,0.0
504,2018-02-16,0.0,0.0,0.0,NULL,NULL,0.0
505,2018-02-17,0.0,0.0,0.0,NULL,NULL,0.0
506,2018-02-18,0.0,0.0,0.0,NULL,NULL,0.0
507,2018-02-19,0.0,0.0,0.0,NULL,NULL,0.0
508,2018-02-20,0.0,0.0,0.0,NULL,NULL,0.0
509,2018-02-21,0.0,0.0,0.0,NULL,NULL,0.0
510,2018-02-22,0.0,0.0,0.0,NULL,NULL,0.0
511,2018-02-23,0.0,0.0,0.0,NULL,NULL,0.0
512,2018-02-24,0.0,0.0,0.0,NULL,NULL,0.0
513,2018-02-25,0.0,0.0,0.0,NULL,NULL,0.0
514,2018-02-26,0.0,0.0,0.0,NULL,NULL,0.0
515,2018-02-27,0.0,0.0,0.0,NULL,NULL,0.0
516,2018-02-28,0.0,0.0,0.0,NULL,NULL,0.0
517,2018-03-01,0.0,0.0,0.0,NULL,NULL,0.0
518,2018-03-02,0.0,0.0,0.0,NULL,NULL,0.0
519,2018-03-03,0.0,0.0,0.0,NULL,NULL,0.0
520,2018-03-04,0.0,0.0,0.0,NULL,NULL,0.0
521,2018-03-05,0.0,0.0,0.0,NULL,NULL,0.0
522,2018-03-06,0.0,0.0,0.0,NULL,NULL,0.0
523,2018-03-07,0.0,0.0,0.0,NULL,NULL,0.0
524,2018-03-08,0.0,0.0,0.0,NULL,NULL,0.0
525,2018-03-09,0.0,0.0,0.0,NULL,NULL,0.0
526,2018-03-10,0.0,0.0,0.0,NULL,NULL,0.0
527,2018-03-11,0.0,0.0,0.0,NULL,NULL,0.0
528,2018-03-12,0.0,0.0,0.0,NULL,NULL,0.0
529,2018-03-13,0.0,0.0,0.0,NULL,NULL,0.0
530,2018-03-14,0.0,0.0,0.0,NULL,NULL,0.0
531,2018-03-15,0.0,0.0,0.0,NULL,NULL,0.0
532,2018-03-16,0.0,0.0,0.0,NULL,NULL,0.0
533,2018-03-17,0.01,5.0,0.1344,24,25,266.0
534,2018-03-18,0.02,7.0,0.25305,23,24,35.0
535,2018-03-19,0.03,8.0,0.20475,25,26,31.0
536,2018-03-20,0.05,10.0,0.4368,19,20,48.0
537,2018-03-21,0.07,13.0,0.5061,15,16,34.0
538,2018-03-22,0.1,21.0,0.5355,13,14,58.0
539,2018-03-23,0.13,18.0,0.654255,15,16,55.0
540,2018-03-24,0.14,9.0,0.22953,18,19,29.0
541,2018-03-25,0.14,11.0,0.10689,17,18,31.0
542,2018-03-26,0.16,8.0,0.27213375,20,21,25.0
543,2018-03-27,0.16,9.0,0.14734125,20,21,28.0
544,2018-03-28,0.17,7.0,0.2083725,23,24,19.0
545,2018-03-29,0.17,5.0,0.0350175,22,23,21.0
546,2018-03-30,0.17,2.0,0.0181125,32,33,2.0
547,2018-03-31,0.18,2.0,0.10101,36,37,19.0
548,2018-04-01,0.18,3.0,0.023625,29,30,5.0
549,2018-04-02,0.18,3.0,0.0735,30,31,3.0
550,2018-04-03,0.18,1.0,0.0,39,40,3.0
551,2018-04-04,0.19,6.0,0.09009,22,23,13.0
552,2018-04-05,0.19,2.0,0.0,26,27,2.0
553,2018-04-06,0.19,2.0,0.0189,31,32,3.0
554,2018-04-07,0.19,0.0,0.0,NULL,NULL,0.0
555,2018-04-08,0.19,6.0,0.085155,20,21,15.0
556,2018-04-09,0.19,4.0,0.02394,27,28,10.0
557,2018-04-10,0.19,1.0,0.0021,37,38,1.0
558,2018-04-11,0.19,1.0,0.021,40,41,2.0
559,2018-04-12,0.19,0.0,0.0,NULL,NULL,0.0
560,2018-04-13,0.19,0.0,0.0,NULL,NULL,0.0
561,2018-04-14,0.2,1.0,0.021525,39,40,6.0
562,2018-04-15,0.2,1.0,0.039375,36,37,1.0
563,2018-04-16,0.2,0.0,0.0,NULL,NULL,0.0
564,2018-04-17,0.2,2.0,0.0,31,32,2.0
565,2018-04-18,0.2,0.0,0.0,NULL,NULL,0.0
566,2018-04-19,0.2,0.0,0.0,NULL,NULL,0.0
567,2018-04-20,0.2,0.0,0.0,NULL,NULL,0.0
568,2018-04-21,0.2,0.0,0.0,NULL,NULL,0.0
569,2018-04-22,0.2,1.0,0.03255,29,30,2.0
570,2018-04-23,0.2,0.0,0.0,NULL,NULL,0.0
571,2018-04-24,0.2,0.0,0.0,NULL,NULL,0.0
572,2018-04-25,0.2,0.0,0.0,NULL,NULL,0.0
573,2018-04-26,0.2,3.0,0.044205,22,23,5.0
574,2018-04-27,0.2,1.0,0.0,30,31,1.0
575,2018-04-28,0.2,0.0,0.0,NULL,NULL,0.0
576,2018-04-29,0.2,1.0,0.0,28,29,6.0
577,2018-04-30,0.2,0.0,0.0,NULL,NULL,0.0
578,2018-05-01,0.2,2.0,0.00924,20,21,3.0
579,2018-05-02,0.2,0.0,0.0,NULL,NULL,0.0
580,2018-05-03,0.2,0.0,0.0,NULL,NULL,0.0
581,2018-05-04,0.2,0.0,0.0,NULL,NULL,0.0
582,2018-05-05,0.2,0.0,0.0,NULL,NULL,0.0
583,2018-05-06,0.2,0.0,0.0,NULL,NULL,0.0
584,2018-05-07,0.2,1.0,0.0,98,264,1.0
585,2018-05-08,0.2,1.0,0.0336,91,233,2.0
586,2018-05-09,0.2,0.0,0.0,NULL,NULL,0.0
587,2018-05-10,0.2,1.0,0.0147,35,36,1.0
588,2018-05-11,0.2,0.0,0.0,NULL,NULL,0.0
589,2018-05-12,0.2,0.0,0.0,NULL,NULL,0.0
590,2018-05-13,0.2,0.0,0.0,NULL,NULL,0.0
591,2018-05-14,0.2,0.0,0.0,NULL,NULL,0.0
592,2018-05-15,0.21,1.0,0.088725,33,33,5.0
593,2018-05-16,0.21,0.0,0.0,NULL,NULL,0.0
594,2018-05-17,0.21,0.0,0.0,NULL,NULL,0.0
595,2018-05-18,0.21,0.0,0.0,NULL,NULL,0.0
596,2018-05-19,0.21,1.0,0.031815,39,39,2.0
597,2018-05-20,0.0,1.0,0.0,42,42,1.0
598,2018-05-21,0.0,0.0,0.0,NULL,NULL,0.0
599,2018-05-22,0.0,1.0,0.0147,55,55,1.0
600,2018-05-23,0.0,1.0,0.0,95,99,1.0
601,2018-05-24,0.0,0.0,0.0,NULL,NULL,0.0
602,2018-05-25,0.0,0.0,0.0,NULL,NULL,0.0
603,2018-05-26,0.0,1.0,0.017325,83,86,2.0
604,2018-05-27,0.0,0.0,0.0,NULL,NULL,0.0
605,2018-05-28,0.0,1.0,0.0,107,272,1.0
606,2018-05-29,0.0,0.0,0.0,NULL,NULL,0.0
607,2018-05-31,0.0,1.0,0.011025,105,273,1.0
608,2018-06-03,0.0,1.0,0.025725,109,277,1.0
609,2018-06-05,0.0,1.0,0.01414875,102,287,1.0
610,2018-06-06,0.0,1.0,0.0084,108,279,1.0
611,2018-06-07,0.0,0.0,0.0,NULL,NULL,0.0
612,2018-06-08,0.0,0.0,0.0,NULL,NULL,0.0
613,2018-06-09,0.0,0.0,0.0,NULL,NULL,0.0
614,2018-06-10,0.0,0.0,0.0,NULL,NULL,0.0
615,2018-06-11,0.0,0.0,0.0,NULL,NULL,0.0
616,2018-06-12,0.01,2.0,0.018375,96,264,6.0
617,2018-06-13,0.01,1.0,0.034965,115,303,2.0
618,2018-06-14,0.01,0.0,0.0,NULL,NULL,0.0
619,2018-06-15,0.01,0.0,0.0,NULL,NULL,0.0
620,2018-06-16,0.01,1.0,0.0,102,282,1.0
621,2018-06-17,0.01,2.0,0.009975,91,252,3.0
622,2018-06-18,0.01,0.0,0.0,NULL,NULL,0.0
623,2018-06-19,0.01,0.0,0.0,NULL,NULL,0.0
624,2018-06-20,0.01,1.0,0.0,115,310,1.0
625,2018-06-21,0.01,0.0,0.0,NULL,NULL,0.0
626,2018-06-22,0.01,0.0,0.0,NULL,NULL,0.0
627,2018-06-23,0.01,0.0,0.0,NULL,NULL,0.0
628,2018-06-24,0.01,2.0,0.0,77,243,7.0
629,2018-06-25,0.01,1.0,0.0,99,285,1.0
630,2018-06-26,0.01,0.0,0.0,NULL,NULL,0.0
631,2018-06-27,0.01,0.0,0.0,NULL,NULL,0.0
632,2018-06-28,0.01,0.0,0.0,NULL,NULL,0.0
633,2018-06-29,0.01,0.0,0.0,NULL,NULL,0.0
634,2018-06-30,0.01,0.0,0.0,NULL,NULL,0.0
635,2018-07-01,0.01,0.0,0.0,NULL,NULL,0.0
636,2018-07-02,0.01,0.0,0.0,NULL,NULL,0.0
637,2018-07-03,0.01,1.0,0.0,56,212,2.0
638,2018-07-04,0.01,0.0,0.0,NULL,NULL,0.0
639,2018-07-05,0.01,1.0,0.0,57,225,1.0
640,2018-07-06,0.01,0.0,0.0,NULL,NULL,0.0
641,2018-07-07,0.01,1.0,0.0,54,212,1.0
642,2018-07-08,0.01,0.0,0.0,NULL,NULL,0.0
643,2018-07-09,0.01,2.0,0.03885,74,239,7.0
644,2018-07-10,0.01,1.0,0.0332325,90,273,3.0
645,2018-07-11,0.01,0.0,0.0,NULL,NULL,0.0
646,2018-07-12,0.01,0.0,0.0,NULL,NULL,0.0
647,2018-07-13,0.01,1.0,0.01155,72,251,1.0
648,2018-07-14,0.01,1.0,0.0,57,208,1.0
649,2018-07-15,0.01,0.0,0.0,NULL,NULL,0.0
650,2018-07-16,0.01,1.0,0.0,93,290,1.0
651,2018-07-17,0.01,1.0,0.034125,96,299,1.0
652,2018-07-18,0.01,0.0,0.0,NULL,NULL,0.0
653,2018-07-19,0.01,2.0,0.02835,83,267,2.0
654,2018-07-20,0.02,1.0,0.033075,101,296,1.0
655,2018-07-21,0.02,0.0,0.0,NULL,NULL,0.0
656,2018-07-22,0.02,0.0,0.0,NULL,NULL,0.0
657,2018-07-23,0.02,0.0,0.0,NULL,NULL,0.0
658,2018-07-24,0.02,0.0,0.0,NULL,NULL,0.0
659,2018-07-25,0.02,0.0,0.0,NULL,NULL,0.0
660,2018-07-26,0.02,0.0,0.0,NULL,NULL,0.0
661,2018-07-27,0.02,1.0,0.0252,126,323,1.0
662,2018-07-28,0.02,0.0,0.0,NULL,NULL,0.0
663,2018-07-29,0.03,1.0,0.25389,133,328,15.0
664,2018-07-30,0.03,1.0,0.0,128,332,2.0
665,2018-07-31,0.03,0.0,0.0,NULL,NULL,0.0
666,2018-08-01,0.03,1.0,0.0189,129,336,2.0
667,2018-08-02,0.03,0.0,0.0,165,343,0.0
668,2018-08-03,0.03,0.0,0.0,161,329,0.0
669,2018-08-04,0.03,2.0,0.02625,100,272,4.0
670,2018-08-05,0.03,0.0,0.0,158,333,0.0
671,2018-08-06,0.03,0.0,0.0,153,334,0.0
672,2018-08-07,0.03,0.0,0.0,154,325,0.0
673,2018-08-08,0.03,0.0,0.0,115,276,0.0
674,2018-08-09,0.03,1.0,0.0,86,263,1.0
675,2018-08-10,0.03,0.0,0.0,147,320,0.0
676,2018-08-11,0.03,2.0,0.0,84,252,5.0
677,2018-08-12,0.03,0.0,0.0,136,299,0.0
678,2018-08-13,0.03,0.0,0.0,161,334,0.0
679,2018-08-14,0.03,1.0,0.0,111,310,1.0
680,2018-08-15,0.03,1.0,0.0,112,315,2.0
681,2018-08-16,0.03,2.0,0.0,99,279,4.0
682,2018-08-17,0.03,2.0,0.0,93,265,7.0
683,2018-08-18,0.03,3.0,0.0,85,253,5.0
684,2018-08-19,0.03,1.0,0.0,103,293,2.0
685,2018-08-20,0.03,2.0,0.0,93,275,9.0
686,2018-08-21,0.03,1.0,0.0,115,316,4.0
687,2018-08-22,0.03,2.0,0.04137,93,276,10.0
688,2018-08-23,0.03,2.0,0.008715,92,270,6.0
689,2018-08-24,0.03,1.0,0.0,108,301,9.0
690,2018-08-25,0.03,2.0,0.0042,88,260,35.0
691,2018-08-26,0.03,1.0,0.0,106,294,20.0
692,2018-08-27,0.03,2.0,0.00315,87,262,6.0
693,2018-08-28,0.03,2.0,0.02289,84,271,6.0
694,2018-08-29,0.03,1.0,0.0,108,302,3.0
695,2018-08-30,0.03,2.0,0.01218,81,247,6.0
696,2018-08-31,0.04,2.0,0.07035,85,250,6.0
697,2018-09-01,0.04,1.0,0.0,106,289,6.0
698,2018-09-02,0.04,1.0,0.0,104,287,13.0
699,2018-09-03,0.04,1.0,0.0,126,324,9.0
700,2018-09-04,0.04,1.0,0.0,112,305,20.0
701,2018-09-05,0.04,2.0,0.0,98,269,22.0
702,2018-09-06,0.04,2.0,0.015225,87,262,18.0
703,2018-09-07,0.04,2.0,0.01785,92,263,20.0
704,2018-09-08,0.04,2.0,0.0,84,235,24.0
705,2018-09-09,0.04,1.0,0.0,102,283,20.0
706,2018-09-10,0.04,1.0,0.0,119,315,21.0
707,2018-09-11,0.04,1.0,0.0,121,316,17.0
708,2018-09-12,0.04,1.0,0.0,117,316,22.0
709,2018-09-13,0.04,1.0,0.0,117,311,15.0
710,2018-09-14,0.04,1.0,0.0,117,307,20.0
711,2018-09-15,0.04,1.0,0.0,108,293,29.0
712,2018-09-16,0.04,1.0,0.0,106,290,24.0
713,2018-09-17,0.04,2.0,0.03465,93,257,26.0
714,2018-09-18,0.04,2.0,0.0,95,264,15.0
715,2018-09-19,0.04,1.0,0.0,114,303,4.0
716,2018-09-20,0.04,1.0,0.0,115,300,1.0
717,2018-09-21,0.04,1.0,0.0113925,124,324,2.0
718,2018-09-22,0.04,1.0,0.0,119,296,1.0
719,2018-09-23,0.04,1.0,0.0,113,299,4.0
720,2018-09-24,0.04,1.0,0.0,124,307,4.0
721,2018-09-25,0.04,1.0,0.0,131,327,7.0
722,2018-09-26,0.04,1.0,0.0,131,315,2.0
723,2018-09-27,0.04,1.0,0.0,133,333,5.0
724,2018-09-28,0.04,1.0,0.0,133,335,2.0
725,2018-09-29,0.04,1.0,0.0,122,310,2.0
726,2018-09-30,0.04,1.0,0.0,133,326,8.0
727,2018-10-01,0.04,1.0,0.0,132,326,3.0
728,2018-10-02,0.04,1.0,0.0,132,335,7.0
729,2018-10-03,0.04,1.0,0.0,141,342,2.0
730,2018-10-04,0.04,1.0,0.0,143,350,4.0
731,2018-10-05,0.04,1.0,0.0,143,351,3.0
732,2018-10-06,0.04,1.0,0.0,137,327,5.0
733,2018-10-07,0.04,1.0,0.0,141,334,1.0
734,2018-10-08,0.04,0.0,0.0,201,356,0.0
735,2018-10-09,0.04,1.0,0.0,158,367,5.0
736,2018-10-10,0.04,1.0,0.0,165,376,9.0
737,2018-10-11,0.05,2.0,0.13820625,146,334,14.0
738,2018-10-12,0.05,1.0,0.0,154,362,9.0
739,2018-10-13,0.05,2.0,0.007875,123,300,8.0
740,2018-10-14,0.05,1.0,0.0,147,346,8.0
741,2018-10-15,0.05,1.0,0.0,155,376,12.0
742,2018-10-16,0.05,2.0,0.0231,128,319,7.0
743,2018-10-17,0.05,1.0,0.0,168,396,4.0
744,2018-10-18,0.05,0.0,0.0,211,367,0.0
745,2018-10-19,0.05,1.0,0.0,147,377,1.0
746,2018-10-20,0.05,1.0,0.0,148,365,2.0
747,2018-10-21,0.05,1.0,0.0,136,351,2.0
748,2018-10-22,0.05,2.0,0.043785,121,323,3.0
749,2018-10-23,0.05,3.0,0.07875,106,288,7.0
750,2018-10-24,0.05,1.0,0.0,141,378,3.0
751,2018-10-25,0.05,1.0,0.0,134,376,4.0
752,2018-10-26,0.05,1.0,0.0,134,372,2.0
753,2018-10-27,0.06,2.0,0.02144625,103,304,3.0
754,2018-10-28,0.06,1.0,0.006825,133,352,1.0
755,2018-10-29,0.06,0.0,0.0,174,322,0.0
756,2018-10-30,0.06,0.0,0.0,167,321,0.0
757,2018-10-31,0.06,0.0,0.0,161,327,0.0
758,2018-11-01,0.06,1.0,0.0,125,365,3.0
759,2018-11-02,0.06,0.0,0.0,143,294,0.0
760,2018-11-03,0.06,0.0,0.0,149,299,0.0
761,2018-11-04,0.06,2.0,0.0439425,87,269,5.0
762,2018-11-05,0.06,0.0,0.0,137,286,0.0
763,2018-11-06,0.06,0.0,0.0,132,278,0.0
764,2018-11-07,0.06,0.0,0.0,136,285,0.0
765,2018-11-08,0.06,0.0,0.0,149,317,0.0
766,2018-11-09,0.06,0.0,0.0,155,324,0.0
767,2018-11-10,0.06,0.0,0.0,162,332,0.0
768,2018-11-11,0.06,1.0,0.0,103,325,2.0
769,2018-11-12,0.06,2.0,0.0,85,284,5.0
770,2018-11-13,0.06,1.0,0.0,119,353,3.0
771,2018-11-14,0.06,2.0,0.0,81,283,7.0
772,2018-11-15,0.06,1.0,0.0,95,333,1.0
773,2018-11-16,0.06,1.0,0.0,98,324,3.0
774,2018-11-17,0.06,2.0,0.08694,71,254,5.0
775,2018-11-18,0.06,2.0,0.011235,73,259,5.0
776,2018-11-19,0.06,1.0,0.0,98,333,4.0
777,2018-11-20,0.06,1.0,0.0,98,328,2.0
778,2018-11-21,0.06,1.0,0.0,97,322,1.0
779,2018-11-22,0.06,3.0,0.024465,71,244,3.0
780,2018-11-23,0.06,1.0,0.0,92,318,3.0
781,2018-11-24,0.06,1.0,0.0,98,315,4.0
782,2018-11-25,0.06,1.0,0.0,89,304,1.0
783,2018-11-26,0.06,0.0,0.0,123,277,0.0
784,2018-11-27,0.06,1.0,0.0,97,332,2.0
785,2018-11-28,0.06,1.0,0.0,101,335,4.0
786,2018-11-29,0.06,1.0,0.0,102,323,2.0
787,2018-11-30,0.06,1.0,0.0,91,316,1.0
788,2018-12-01,0.06,1.0,0.0,97,295,1.0
789,2018-12-02,0.06,1.0,0.0,94,295,3.0
790,2018-12-03,0.06,1.0,0.0,104,321,2.0
791,2018-12-04,0.06,2.0,0.0,82,275,4.0
792,2018-12-05,0.06,1.0,0.0,95,323,1.0
793,2018-12-06,0.06,2.0,0.0,83,277,4.0
794,2018-12-07,0.06,1.0,0.0,96,312,3.0
795,2018-12-08,0.06,2.0,0.0,75,245,2.0
796,2018-12-09,0.06,2.0,0.0290325,78,261,6.0
797,2018-12-10,0.06,1.0,0.0,93,329,1.0
798,2018-12-11,0.06,2.0,0.0,81,279,4.0
799,2018-12-12,0.06,1.0,0.0,100,340,4.0
800,2018-12-13,0.07,2.0,0.07959,81,283,5.0
801,2018-12-14,0.07,1.0,0.0,96,337,2.0
802,2018-12-15,0.07,3.0,0.05431125,72,221,8.0
803,2018-12-16,0.07,1.0,0.0,95,328,2.0
804,2018-12-17,0.07,2.0,0.0042,78,282,6.0
805,2018-12-19,0.07,1.0,0.0,95,328,1.0
806,2018-12-20,0.07,1.0,0.0,98,350,5.0
807,2018-12-21,0.07,1.0,0.0,93,335,2.0
808,2018-12-22,0.07,1.0,0.0,89,302,1.0
809,2018-12-23,0.07,2.0,0.03320625,78,270,3.0
810,2018-12-24,0.07,1.0,0.0,98,336,2.0
811,2018-12-25,0.08,2.0,0.05145,78,269,3.0
812,2018-12-26,0.08,2.0,0.037275,73,266,3.0
813,2018-12-27,0.08,1.0,0.0,91,312,1.0
814,2018-12-28,0.08,1.0,0.0,98,336,2.0
815,2018-12-29,0.08,1.0,0.0,87,316,3.0
816,2018-12-30,0.08,1.0,0.0,86,296,1.0
817,2018-12-31,0.08,3.0,0.00643125,61,209,6.0
818,2019-01-01,0.08,3.0,0.0,58,193,4.0
819,2019-01-02,0.08,1.0,0.0,92,319,1.0
820,2019-01-03,0.08,2.0,0.0231,82,285,4.0
821,2019-01-04,0.08,1.0,0.0,96,333,1.0
822,2019-01-05,0.08,1.0,0.034125,89,320,3.0
823,2019-01-06,0.08,1.0,0.0,87,309,5.0
824,2019-01-07,0.08,1.0,0.0,85,322,3.0
825,2019-01-08,0.08,2.0,0.02016,73,271,6.0
826,2019-01-09,0.08,1.0,0.0,91,335,2.0
827,2019-01-10,0.08,1.0,0.01365,89,318,1.0
828,2019-01-11,0.08,2.0,0.01785,71,258,3.0
829,2019-01-14,0.08,4.0,0.0686175,50,185,10.0
830,2019-01-18,0.08,1.0,0.0,83,304,1.0
831,2019-01-19,0.08,1.0,0.0,82,297,1.0
832,2019-01-20,0.08,1.0,0.0,80,275,1.0
833,2019-01-21,0.08,1.0,0.0,89,318,2.0
834,2019-01-22,0.08,1.0,0.0,82,312,3.0
835,2019-01-23,0.0,2.0,0.03320625,70,264,2.0
836,2019-01-24,0.09,1.0,0.0,93,323,1.0
837,2019-01-25,0.09,1.0,0.0,87,303,2.0
838,2019-01-26,0.0,1.0,0.023205,82,285,1.0
839,2019-01-27,0.0,2.0,0.0066675,66,229,5.0
840,2019-01-28,0.09,2.0,0.02982,68,255,2.0
841,2019-01-29,0.09,1.0,0.0,85,309,1.0
842,2019-01-30,0.09,2.0,0.03234,69,248,4.0
843,2019-01-31,0.09,1.0,0.0,86,300,1.0
844,2019-02-02,0.09,1.0,0.0,82,286,1.0
845,2019-02-03,0.09,3.0,0.00819,56,187,5.0
846,2019-02-04,0.09,1.0,0.0,73,274,3.0
847,2019-02-05,0.09,1.0,0.0,83,287,1.0
848,2019-02-06,0.09,1.0,0.0042,72,275,2.0
849,2019-02-07,0.09,1.0,0.0,77,289,5.0
850,2019-02-08,0.09,1.0,0.0,80,279,1.0
851,2019-02-09,0.09,1.0,0.0,85,276,4.0
852,2019-02-10,0.09,1.0,0.0,73,268,2.0
853,2019-02-11,0.09,1.0,0.0,76,289,2.0
854,2019-02-14,0.09,1.0,0.0,76,285,5.0
855,2019-02-15,0.09,1.0,0.0,76,287,1.0
856,2019-02-16,0.09,1.0,0.0,76,277,3.0
857,2019-02-17,0.09,1.0,0.0,69,264,1.0
858,2019-02-18,0.09,1.0,0.04389,75,294,2.0
859,2019-02-19,0.09,2.0,0.007875,62,242,4.0
860,2019-02-21,0.1,1.0,0.026565,74,272,1.0
861,2019-02-22,0.0,1.0,0.0,71,278,1.0
862,2019-02-23,0.0,2.0,0.00853125,64,231,2.0
863,2019-02-25,0.1,2.0,0.06615,63,246,3.0
864,2019-02-28,0.1,5.0,0.049455,37,144,10.0
865,2019-03-01,0.1,1.0,0.0,74,280,9.0
866,2019-03-02,0.1,3.0,0.00525,57,206,21.0
867,2019-03-03,0.11,2.0,0.1218,57,221,19.0
868,2019-03-04,0.11,3.0,0.06615,50,201,18.0
869,2019-03-05,0.11,1.0,0.0,79,295,12.0
870,2019-03-06,0.11,3.0,0.0,54,203,22.0
871,2019-03-07,0.11,2.0,0.0161175,65,238,14.0
872,2019-03-08,0.11,1.0,0.0,77,290,14.0
873,2019-03-09,0.11,1.0,0.0,71,284,17.0
874,2019-03-10,0.11,2.0,0.01575,60,229,20.0
875,2019-03-11,0.11,1.0,0.0,76,300,15.0
876,2019-03-12,0.11,1.0,0.0,79,304,12.0
877,2019-03-13,0.11,3.0,0.041265,57,218,16.0
878,2019-03-14,0.114505,2.0,0.016275,60,242,17.0
879,2019-03-15,0.114505,1.0,0.0,76,302,14.0
880,2019-03-16,0.114855,2.0,0.00735,64,240,13.0
881,2019-03-17,0.114855,1.0,0.0,71,280,12.0
882,2019-03-18,0.114855,2.0,0.0,62,250,7.0
883,2019-03-19,0.114855,1.0,0.0,73,289,11.0
884,2019-03-20,0.11,1.0,0.0,76,295,12.0
885,2019-03-21,0.11,1.0,0.0,77,299,13.0
886,2019-03-22,0.11,1.0,0.0,78,303,6.0
887,2019-03-23,0.11,1.0,0.0,73,279,6.0
888,2019-03-24,0.12,2.0,0.029925,60,214,8.0
889,2019-03-25,0.12,2.0,0.02646,66,242,8.0
890,2019-03-26,0.12,1.0,0.0,75,296,1.0
891,2019-03-27,0.12,1.0,0.0,75,294,7.0
892,2019-03-28,0.12,3.0,0.0280875,58,222,9.0
893,2019-03-29,0.12,1.0,0.0,71,300,5.0
894,2019-03-30,0.12,1.0,0.0,84,286,14.0
895,2019-03-31,0.12,1.0,0.0,74,285,12.0
896,2019-04-01,0.12,3.0,0.0455175,55,229,11.0
897,2019-04-02,0.12,3.0,0.04633125,53,241,4.0
898,2019-04-03,0.12,3.0,0.02443875,54,245,13.0
899,2019-04-04,0.13,3.0,0.05208,59,235,15.0
900,2019-04-05,0.13,3.0,0.0399,51,221,11.0
901,2019-04-06,0.13,1.0,0.0,69,283,9.0
902,2019-04-07,0.13,2.0,0.0,57,243,7.0
903,2019-04-08,0.13,1.0,0.0,79,322,7.0
904,2019-04-09,0.13,1.0,0.0,83,330,10.0
905,2019-04-10,0.13,3.0,0.04276125,52,232,16.0
906,2019-04-11,0.13,3.0,0.05775,53,224,8.0
907,2019-04-12,0.13,2.0,0.024465,57,256,9.0
908,2019-04-13,0.13,3.0,0.003885,52,206,7.0
909,2019-04-14,0.14,2.0,0.005775,60,242,3.0
910,2019-04-15,0.14,2.0,0.012075,59,249,7.0
911,2019-04-16,0.14,1.0,0.0,64,295,15.0
912,2019-04-17,0.14,1.0,0.0,72,308,1.0
913,2019-04-18,0.14,1.0,0.0,78,312,2.0
914,2019-04-19,0.14,1.0,0.0,69,299,2.0
915,2019-04-20,0.14,2.0,0.02898,58,232,2.0
916,2019-04-21,0.14,2.0,0.10815,59,228,8.0
917,2019-04-22,0.14,1.0,0.0,68,293,2.0
918,2019-04-23,0.14,2.0,0.0252,58,245,3.0
919,2019-04-24,0.14,4.0,0.0,44,185,11.0
920,2019-04-25,0.14,1.0,0.0,73,295,6.0
921,2019-04-26,0.14,3.0,0.02480625,49,213,14.0
922,2019-04-27,0.14,1.0,0.0,67,268,7.0
923,2019-04-28,0.14,1.0,0.0,62,262,7.0
924,2019-04-29,0.14,1.0,0.0,72,288,9.0
925,2019-04-30,0.15,2.0,0.04003125,58,250,7.0
926,2019-05-01,0.15,4.0,0.04473,43,178,11.0
927,2019-05-02,0.15,1.0,0.0,68,288,7.0
928,2019-05-03,0.15,2.0,0.0,62,245,4.0
929,2019-05-04,0.15,1.0,0.0,70,276,6.0
930,2019-05-05,0.15,1.0,0.0,71,288,8.0
931,2019-05-06,0.15,2.0,0.02415,57,245,4.0
932,2019-05-07,0.15,1.0,0.0,65,294,5.0
933,2019-05-08,0.15,1.0,0.0,75,310,6.0
934,2019-05-09,0.15,1.0,0.0,71,306,1.0
935,2019-05-10,0.15,1.0,0.0,70,298,4.0
936,2019-05-11,0.16,2.0,0.1351875,60,249,19.0
937,2019-05-12,0.16,1.0,0.0,71,297,6.0
938,2019-05-13,0.16,3.0,0.04515,56,216,12.0
939,2019-05-14,0.16,2.0,0.071505,64,268,6.0
940,2019-05-15,0.16,1.0,0.0,74,320,2.0
941,2019-05-16,0.16,2.0,0.02218125,55,254,7.0
942,2019-05-17,0.16,1.0,0.0,70,297,6.0
943,2019-05-18,0.16,1.0,0.021,70,284,2.0
944,2019-05-19,0.16,2.0,0.0,55,239,9.0
945,2019-05-20,0.17,2.0,0.09114,59,244,3.0
946,2019-05-21,0.17,2.0,0.005775,58,244,4.0
947,2019-05-22,0.17,2.0,0.03045,62,252,9.0
948,2019-05-23,0.17,2.0,0.0408975,61,245,11.0
949,2019-05-24,0.17,2.0,0.01827,64,254,6.0
950,2019-05-25,0.17,3.0,0.2418675,50,213,15.0
951,2019-05-26,0.19,5.0,0.14104125,42,171,12.0
952,2019-05-27,0.19,1.0,0.0,70,301,4.0
953,2019-05-28,0.2,3.0,0.03094875,50,221,10.0
954,2019-05-29,0.2,1.0,0.0,68,303,3.0
955,2019-05-30,0.2,3.0,0.01252125,56,222,7.0
956,2019-05-31,0.2,0.0,0.0,NULL,NULL,0.0
957,2019-06-01,0.2,1.0,0.0,68,279,3.0
958,2019-06-02,0.2,2.0,0.0,58,242,5.0
959,2019-06-03,0.2,1.0,0.0,68,299,4.0
960,2019-06-04,0.2,2.0,0.04213125,61,254,8.0
961,2019-06-05,0.21,2.0,0.14427,60,247,6.0
962,2019-06-06,0.21,1.0,0.0,66,278,2.0
963,2019-06-07,0.21,2.0,0.008715,62,253,6.0
964,2019-06-08,0.21,1.0,0.0,61,274,5.0
965,2019-06-09,0.21,1.0,0.0,68,286,11.0
966,2019-06-10,0.21,1.0,0.0,65,283,9.0
967,2019-06-11,0.21,2.0,0.12075,57,243,3.0
968,2019-06-12,0.21,1.0,0.0,69,286,3.0
969,2019-06-13,0.21,3.0,0.02407125,49,224,13.0
970,2019-06-14,0.21,1.0,0.0,67,295,4.0
971,2019-06-15,0.21,1.0,0.0,62,258,10.0
972,2019-06-16,0.21,1.0,0.0,63,287,7.0
973,2019-06-17,0.21,3.0,0.012915,52,227,4.0
974,2019-06-18,0.21,1.0,0.0,70,308,2.0
975,2019-06-19,0.22,2.0,0.14448,55,254,16.0
976,2019-06-20,0.22,1.0,0.0,63,287,7.0
977,2019-06-21,0.22,1.0,0.0,70,303,2.0
978,2019-06-22,0.24,2.0,0.34573875,61,249,51.0
979,2019-06-23,0.24,3.0,0.09618,50,217,16.0
980,2019-06-24,0.24,3.0,0.0,47,217,9.0
981,2019-06-25,0.24,2.0,0.0042,59,249,14.0
982,2019-06-26,0.24,0.0,0.0,NULL,NULL,0.0
983,2019-06-27,0.24,3.0,0.0,49,217,4.0
984,2019-06-28,0.24,1.0,0.0,65,286,3.0
985,2019-06-29,0.24,1.0,0.0,66,286,6.0
986,2019-06-30,0.24,1.0,0.0,66,265,8.0
987,2019-07-01,0.24,1.0,0.0,61,276,3.0
988,2019-07-02,0.24,1.0,0.0,60,276,5.0
989,2019-07-03,0.24,4.0,0.013125,46,198,18.0
990,2019-07-04,0.24,1.0,0.0,71,296,9.0
991,2019-07-05,0.24,1.0,0.0,69,284,5.0
992,2019-07-06,0.24,1.0,0.0,62,271,9.0
993,2019-07-07,0.24,2.0,0.0,55,221,12.0
994,2019-07-08,0.25,4.0,0.045675,47,195,11.0
995,2019-07-09,0.25,1.0,0.0,74,301,7.0
996,2019-07-10,0.25,2.0,0.009765,61,251,5.0
997,2019-07-11,0.25,2.0,0.008925,56,237,6.0
998,2019-07-12,0.25,2.0,0.0,58,237,6.0
999,2019-07-13,0.25,2.0,0.0,57,224,7.0
1000,2019-07-14,0.25,1.0,0.0,63,264,4.0
1001,2019-07-15,0.25,1.0,0.0,72,288,6.0
1002,2019-07-16,0.25,1.0,0.0,57,249,7.0
1003,2019-07-17,0.25,1.0,0.0,68,283,8.0
1004,2019-07-18,0.25,1.0,0.0,68,277,10.0
1005,2019-07-19,0.25,1.0,0.0,68,265,4.0
1006,2019-07-20,0.25,1.0,0.0,55,253,5.0
1007,2019-07-21,0.25,3.0,0.01239,49,181,14.0
1008,2019-07-22,0.25,1.0,0.0,66,268,16.0
1009,2019-07-23,0.25,1.0,0.0,66,274,11.0
1010,2019-07-24,0.25,1.0,0.0,58,263,18.0
1011,2019-07-25,0.25,1.0,0.0,66,279,4.0
1012,2019-07-26,0.25,1.0,0.0,70,273,11.0
1013,2019-07-27,0.25,1.0,0.0,65,255,9.0
1014,2019-07-28,0.25,2.0,0.0,54,205,7.0
1015,2019-07-29,0.25,1.0,0.0,65,263,11.0
1016,2019-07-30,0.25,2.0,0.0,58,235,7.0
1017,2019-07-31,0.25,3.0,0.0650475,47,204,16.0
1018,2019-08-01,0.25,1.0,0.0,68,266,8.0
1019,2019-08-02,0.25,1.0,0.0,69,273,7.0
1020,2019-08-03,0.25,1.0,0.0,63,244,9.0
1021,2019-08-04,0.25,1.0,0.0,64,267,6.0
1022,2019-08-05,0.25,1.0,0.0,64,273,6.0
1023,2019-08-06,0.25,2.0,0.006825,56,223,8.0
1024,2019-08-07,0.25,1.0,0.0,65,268,6.0
1025,2019-08-08,0.25,1.0,0.0,69,276,4.0
1026,2019-08-09,0.25,1.0,0.0,69,272,6.0
1027,2019-08-10,0.25,1.0,0.0,71,257,8.0
1028,2019-08-11,0.25,1.0,0.0,68,257,8.0
1029,2019-08-12,0.25,1.0,0.0,71,279,3.0
1030,2019-08-13,0.25,0.0,0.0,NULL,NULL,0.0
1031,2019-08-14,0.25,3.0,0.0,52,203,4.0
1032,2019-08-15,0.25,0.0,0.0,NULL,NULL,0.0
1033,2019-08-16,0.25,0.0,0.0,NULL,NULL,0.0
1034,2019-08-17,0.25,1.0,0.0,61,239,1.0
1035,2019-08-18,0.25,1.0,0.05565,66,254,3.0
1036,2019-08-19,0.25,0.0,0.0,NULL,NULL,0.0
1037,2019-08-20,0.25,1.0,0.0,59,253,3.0
1038,2019-08-21,0.25,1.0,0.0,59,263,2.0
1039,2019-08-22,0.25,0.0,0.0,NULL,NULL,0.0
1040,2019-08-23,0.25,2.0,0.00756,48,219,4.0
1041,2019-08-24,0.25,1.0,0.008925,63,255,1.0
1042,2019-08-25,0.26,1.0,0.02289,60,244,2.0
1043,2019-08-26,0.26,0.0,0.0,NULL,NULL,0.0
1044,2019-08-27,0.26,1.0,0.04158,63,257,3.0
1045,2019-08-28,0.26,2.0,0.0315,52,224,3.0
1046,2019-08-29,0.26,1.0,0.0,65,287,2.0
1047,2019-08-30,0.26,1.0,0.0,65,270,1.0
1048,2019-08-31,0.26,1.0,0.0,62,252,1.0
1049,2019-09-01,0.26,0.0,0.0,NULL,NULL,0.0
1050,2019-09-02,0.26,0.0,0.0,NULL,NULL,0.0
1051,2019-09-03,0.26,0.0,0.0,NULL,NULL,0.0
1052,2019-09-04,0.26,0.0,0.0,NULL,NULL,0.0
1053,2019-09-05,0.26,2.0,0.06733125,49,213,4.0
1054,2019-09-06,0.26,2.0,0.0,45,207,2.0
1055,2019-09-07,0.27,0.0,0.0,NULL,NULL,0.0
1056,2019-09-08,0.27,2.0,0.0315,46,194,2.0
1057,2019-09-09,0.27,0.0,0.0,NULL,NULL,0.0
1058,2019-09-10,0.27,1.0,0.040425,51,239,1.0
1059,2019-09-11,0.27,0.0,0.0,NULL,NULL,0.0
1060,2019-09-12,0.27,0.0,0.0,NULL,NULL,0.0
1061,2019-09-13,0.27,0.0,0.0,NULL,NULL,0.0
1062,2019-09-14,0.27,0.0,0.0,NULL,NULL,0.0
1063,2019-09-15,0.27,0.0,0.0,NULL,NULL,0.0
1064,2019-09-16,0.27,1.0,0.0126,56,252,1.0
1065,2019-09-17,0.27,2.0,0.0,41,190,2.0
1066,2019-09-18,0.27,1.0,0.0,52,248,2.0
1067,2019-09-19,0.27,1.0,0.0,54,255,1.0
1068,2019-09-20,0.27,2.0,0.0084,43,209,3.0
1069,2019-09-21,0.27,1.0,0.0,52,252,2.0
1070,2019-09-22,0.27,1.0,0.0,54,250,2.0
1071,2019-09-23,0.27,1.0,0.0,58,248,1.0
1072,2019-09-24,0.27,1.0,0.0,51,242,1.0
1073,2019-09-25,0.27,1.0,0.0,54,247,1.0
1074,2019-09-26,0.27,1.0,0.0,56,247,1.0
1075,2019-09-27,0.27,1.0,0.0,56,247,1.0
1076,2019-09-28,0.27,0.0,0.0,NULL,NULL,0.0
1077,2019-09-29,0.27,2.0,0.021525,46,201,3.0
1078,2019-09-30,0.27,1.0,0.0,59,272,1.0
1079,2019-10-01,0.27,0.0,0.0,NULL,NULL,0.0
1080,2019-10-02,0.27,1.0,0.0,63,272,1.0
1081,2019-10-03,0.27,1.0,0.0126,59,261,2.0
1082,2019-10-04,0.27,0.0,0.0,NULL,NULL,0.0
1083,2019-10-05,0.27,0.0,0.0,NULL,NULL,0.0
1084,2019-10-06,0.27,1.0,0.0,57,255,2.0
1085,2019-10-07,0.27,0.0,0.0,NULL,NULL,0.0
1086,2019-10-08,0.27,1.0,0.0,61,279,1.0
1087,2019-10-09,0.27,1.0,0.0,60,272,1.0
1088,2019-10-10,0.27,1.0,0.0,62,271,2.0
1089,2019-10-11,0.27,1.0,0.0,59,271,6.0
1090,2019-10-12,0.27,1.0,0.0,64,270,2.0
1091,2019-10-13,0.27,1.0,0.0,58,244,1.0
1092,2019-10-14,0.27,2.0,0.0,49,235,3.0
1093,2019-10-15,0.27,1.0,0.0,61,263,2.0
1094,2019-10-16,0.27,0.0,0.0,NULL,NULL,0.0
1095,2019-10-17,0.27,2.0,0.01745625,51,222,6.0
1096,2019-10-18,0.27,2.0,0.01155,50,213,2.0
1097,2019-10-19,0.27,1.0,0.0,63,248,2.0
1098,2019-10-20,0.27,1.0,0.0,57,232,2.0
1099,2019-10-21,0.27,0.0,0.0,NULL,NULL,0.0
1100,2019-10-22,0.27,2.0,0.0,49,224,4.0
1101,2019-10-23,0.27,1.0,0.0,61,270,1.0
1102,2019-10-24,0.27,0.0,0.0,NULL,NULL,0.0
1103,2019-10-25,0.27,1.0,0.0,59,256,3.0
1104,2019-10-26,0.27,2.0,0.00315,54,213,3.0
1105,2019-10-27,0.27,0.0,0.0,NULL,NULL,0.0
1106,2019-10-28,0.28,3.0,0.05649,44,193,8.0
1107,2019-10-29,0.28,0.0,0.0,NULL,NULL,0.0
1108,2019-10-30,0.28,1.0,0.0,63,266,2.0
1109,2019-10-31,0.28,2.0,0.0,56,238,3.0
1110,2019-11-01,0.28,2.0,0.0,52,234,7.0
1111,2019-11-02,0.28,1.0,0.0,63,271,3.0
1112,2019-11-03,0.28,1.0,0.0,62,264,5.0
1113,2019-11-04,0.28,1.0,0.0,63,277,7.0
1114,2019-11-05,0.28,1.0,0.0,60,275,1.0
1115,2019-11-06,0.28,1.0,0.0,60,275,11.0
1116,2019-11-07,0.28,3.0,0.00504,45,201,3.0
1117,2019-11-08,0.28,2.0,0.0,56,244,2.0
1118,2019-11-09,0.28,1.0,0.0,62,268,6.0
1119,2019-11-10,0.28,4.0,0.018375,41,164,11.0
1120,2019-11-11,0.28,2.0,0.00525,52,230,4.0
1121,2019-11-12,0.28,3.0,0.089775,48,206,9.0
1122,2019-11-13,0.28,1.0,0.0,65,274,1.0
1123,2019-11-14,0.29,3.0,0.0,47,200,5.0
1124,2019-11-15,0.29,1.0,0.0,55,275,1.0
1125,2019-11-16,0.29,2.0,0.0063,48,214,8.0
1126,2019-11-17,0.29,2.0,0.009975,51,212,4.0
1127,2019-11-18,0.29,1.0,0.0,55,264,1.0
1128,2019-11-19,0.29,2.0,0.0231,48,221,3.0
1129,2019-11-20,0.29,0.0,0.0,NULL,NULL,0.0
1130,2019-11-21,0.29,1.0,0.0,57,247,1.0
1131,2019-11-22,0.29,2.0,0.00609,48,217,2.0
1132,2019-11-23,0.29,2.0,0.04074,47,214,4.0
1133,2019-11-24,0.29,3.0,0.05929875,42,176,4.0
1134,2019-11-25,0.29,1.0,0.0,60,267,1.0
1135,2019-11-26,0.29,0.0,0.0,NULL,NULL,0.0
1136,2019-11-27,0.29,0.0,0.0,NULL,NULL,0.0
1137,2019-11-28,0.29,1.0,0.0,64,263,1.0
1138,2019-11-29,0.29,0.0,0.0,NULL,NULL,0.0
1139,2019-11-30,0.29,2.0,0.0084,50,220,3.0
1140,2019-12-01,0.29,0.0,0.0,NULL,NULL,0.0
1141,2019-12-02,0.29,3.0,0.0,48,205,4.0
1142,2019-12-03,0.29,0.0,0.0,NULL,NULL,0.0
1143,2019-12-04,0.3,3.0,0.0847875,45,197,5.0
1144,2019-12-05,0.3,0.0,0.0,NULL,NULL,0.0
1145,2019-12-06,0.3,3.0,0.0497175,46,204,5.0
1146,2019-12-07,0.3,1.0,0.0126,58,254,1.0
1147,2019-12-08,0.3,2.0,0.03003,46,215,4.0
1148,2019-12-09,0.3,1.0,0.0126,62,270,1.0
1149,2019-12-10,0.31,1.0,0.05565,55,269,2.0
1150,2019-12-11,0.31,4.0,0.0525,39,185,5.0
1151,2019-12-12,0.31,0.0,0.0,NULL,NULL,0.0
1152,2019-12-13,0.31,4.0,0.040215,42,180,5.0
1153,2019-12-14,0.0,3.0,0.07625625,43,189,6.0
1154,2019-12-15,0.32,1.0,0.0092925,60,259,2.0
1155,2019-12-16,0.32,2.0,0.02415,51,227,10.0
1156,2019-12-17,0.32,2.0,0.044625,44,218,6.0
1157,2019-12-18,0.32,2.0,0.035175,52,234,11.0
1158,2019-12-19,0.32,3.0,0.029925,44,203,8.0
1159,2019-12-20,0.32,2.0,0.0252,45,217,5.0
1160,2019-12-21,0.32,1.0,0.0,60,261,6.0
1161,2019-12-22,0.32,1.0,0.0042,56,255,1.0
1162,2019-12-23,0.33,2.0,0.16603125,47,220,3.0
1163,2019-12-24,0.33,1.0,0.03045,61,262,3.0
1164,2019-12-25,0.33,2.0,0.00735,44,208,5.0
1165,2019-12-26,0.33,2.0,0.00315,46,220,2.0
1166,2019-12-27,0.34,2.0,0.0273,46,204,3.0
1167,2019-12-28,0.34,2.0,0.048825,44,204,2.0
1168,2019-12-29,0.34,2.0,0.074025,48,208,3.0
1169,2019-12-30,0.34,3.0,0.13755,46,206,3.0
1170,2019-12-31,0.35,2.0,0.03567375,48,214,3.0
1171,2020-01-01,0.35,0.0,0.0,NULL,NULL,0.0
1172,2020-01-02,0.35,2.0,0.017325,49,211,2.0
1173,2020-01-03,0.35,1.0,0.0,59,257,1.0
1174,2020-01-04,0.35,2.0,0.0,47,209,4.0
1175,2020-01-05,0.35,1.0,0.0,52,238,5.0
1176,2020-01-06,0.35,3.0,0.0,44,193,6.0
1177,2020-01-07,0.35,3.0,0.04528125,45,206,7.0
1178,2020-01-08,0.35,5.0,0.0650475,43,164,7.0
1179,2020-01-09,0.36,3.0,0.09198,45,194,6.0
1180,2020-01-10,0.36,4.0,0.0098175,40,173,6.0
1181,2020-01-11,0.36,3.0,0.036015,42,183,6.0
1182,2020-01-12,0.36,1.0,0.01029,53,245,1.0
